1104,z500a
1423,youll
1103,youd
477,yet
1422,yes
1102,yell
59,year
1100,wrongfirst
476,wrong
475,wouldnt
301,worth
1097,word
1096,wooden
1421,wood
300,wont
216,without
215,within
1420,wit
1094,wish
299,wireless
1092,wirefli
298,wire
1091,wipe
1088,window
1087,wind
58,will
1419,wifi
173,wife
1085,whose
1418,whole
1417,whoa
471,white
1084,whistl
1416,whine
1083,whether
470,whatsoev
1082,whatev
214,went
1078,weight
105,week
469,websit
1077,web
85,wear
172,way
52,wast
467,wasnt
466,warranti
213,want
1074,wallet
465,wall
1073,walkman
1072,walk
1414,wake
1071,wait
1413,waaay
1412,w810i
1411,vx9900
136,volum
1410,voltag
135,voic
1070,visor
1069,virgin
297,video
1068,via
1067,vehicl
212,valu
1066,v3i
1065,v3c
1064,v325i
1063,v265
1409,v115g
1062,utter
464,usual
463,user
5,use
462,usb
1061,usag
1060,upstair
1059,upload
1058,updat
1056,upandcom
461,unus
1053,unless
1052,unknown
104,unit
294,understand
1045,type
84,two
211,turn
1044,tungsten
1043,tryth
1405,trunk
1041,truli
103,tri
293,treo
1404,travl
1036,transmitt
1403,transmit
1402,transmiss
1401,transform
1035,transfer
1034,transceiv
1033,track
1032,tracfonewebsit
1031,tracfon
460,touch
459,total
1029,tooth
292,tool
1400,took
1028,toneoveral
1027,tone
458,told
1399,toilet
1026,togeth
1025,today
1398,toast
1024,toactiv
457,tmobil
456,tip
1022,timefram
19,time
1397,tight
1021,tie
1396,thumb
1020,thru
1395,threw
1394,threepack
170,three
454,thought
453,though
452,third
169,think
75,thing
1393,theyr
1017,thereplac
290,there
1392,theori
451,that
1016,text
1015,texa
450,tell
1014,telephon
449,technolog
448,tech
1391,tape
83,talk
133,take
1013,synchron
1390,sync
1389,swivel
1012,switch
1387,surefir
168,sure
1385,suppos
210,support
447,sunglass
1007,sudden
446,style
1005,stuff
1381,studi
1002,strip
1380,stress
1379,stream
1000,strap
287,store
445,storag
998,stop
67,still
997,stereo
1378,steer
1377,steep
444,stay
1376,station
996,state
995,starter
1375,startac
166,start
1374,standard
1373,stand
442,sprint
993,spring
992,spinn
1372,special
1371,spec
990,speakerphon
285,speaker
1370,span
989,soyo
441,sourc
9,sound
988,sos
986,sooner
1368,soon
440,soni
985,song
1367,son
984,somewher
1366,somewhat
439,sometim
1365,someth
983,someon
1364,somehow
982,sold
165,softwar
438,smoke
1361,smell
1360,smartphon
1358,slip
974,slider
1356,slide
973,slid
971,skype
970,skip
164,size
968,situations1
967,sit
1355,sister
208,sinc
206,signal
963,sign
962,sight
163,side
436,show
961,shout
960,shouldv
959,shouldnt
958,shot
957,short
956,shooter
955,shipment
132,ship
1352,shift
953,shield
435,sharp
952,share
1351,shape
284,setup
434,set
28,servic
950,seri
949,seper
948,sent
947,sensor
283,send
282,seller
945,self
1349,seen
205,seem
944,seeen
1348,see
942,second
1347,seat
1346,search
1345,screenthi
73,screen
433,scratch
940,schr450
130,say
432,save
1343,sanyo
203,said
937,s710a
936,s11
280,run
1341,rubberpetroleum
1340,row
935,rotat
934,room
933,role
932,rocket
431,rock
1339,roam
430,rip
202,rington
1338,ringer
201,ring
930,riington
129,right
929,ride
279,review
1337,revers
162,return
278,result
928,restor
1336,restock
1335,restart
429,rest
927,respect
926,resolut
925,reset
1334,research
1333,requir
1332,replacementr
161,replac
924,reoccurebottom
1330,render
1329,remov
1327,relat
921,regard
1326,refurb
428,refund
427,red
919,recogn
918,reciev
425,recharg
917,recess
1325,receptionsound
916,receptiona
51,recept
1324,recent
101,receiv
915,receipt
913,rebootsoveral
160,reason
1322,realworld
21,realli
912,realiz
159,real
910,read
909,reach
158,razr
908,razor
277,rather
424,rate
1321,rare
423,rang
907,random
1320,qwerti
128,quit
200,put
422,push
905,purpos
57,purchas
904,purcash
903,pull
901,psych
1319,ps3
276,provid
898,program
8,product
897,produc
419,procedur
275,probabl
895,print
17,price
418,previous
1316,prevent
892,prefer
417,power
1314,potenti
891,post
1313,possibl
890,posses
889,portrait
887,port
1312,point
273,pocket
56,plug
886,pleather
156,pleas
272,player
416,play
155,plastic
885,plantroninc
884,plantron
154,plan
127,place
883,pixel
72,piec
98,pictur
881,pic
1308,photo
880,phoneth
879,phonesmp3
878,phones2
877,phonemi
876,phonebatteri
1,phone
1307,person
1306,period
875,perhap
153,perform
152,peopl
1305,pen
1304,peel
872,pda
871,pcs
415,pay
870,paus
868,pass
867,particular
414,parti
271,part
1303,pant
270,palm
269,pair
413,pad
412,packag
864,owneryou
411,own
862,overnit
1302,overnight
268,overal
1301,over
861,outsid
267,outlet
859,outgo
1300,otherwis
858,other
151,origin
1299,organiz
266,order
410,option
855,open
1298,ooz
854,onlyi
853,onlin
852,onid
851,onethi
13,one
265,old
850,offici
409,offer
849,oem
847,occupi
264,obvious
1297,nyc
408,numer
407,number
49,now
1296,nothingi
263,noth
405,note
262,none
1295,night
844,next
48,new
97,never
843,network
404,neither
125,need
260,near
839,navig
1291,nano
838,mute
259,must
1290,music
837,multipl
71,much
834,mp3s
833,mp3
832,move
96,motorola
1289,motor
403,moto
831,mother
830,most
1288,morn
124,month
39,money
828,model
827,mode
826,mobil
823,minutesmajor
197,minut
1286,miniusb
822,mine
1285,mind
402,might
820,microsoft
819,microphon
258,mic
818,metro
1284,meth
1283,metal
401,messag
816,menus
1282,mention
815,memori
1281,megapixel
814,mega
812,media
811,mechan
809,may
808,max
1280,materi
1279,match
807,market
806,mark
805,manufactur
804,manual
256,mani
803,managementoh
1278,manag
24,make
802,major
1277,main
1276,mail
801,magnet
82,made
1275,machin
123,low
797,loudspeak
122,lot
1274,los
793,loop
23,look
1273,longwear
255,longer
95,long
396,logitech
254,lock
792,load
1272,live
253,littl
791,liter
789,listen
1271,linksi
395,link
1270,lineanoth
252,line
394,lightweight
94,light
121,life
251,let
788,lesson
195,less
787,leopard
1269,lens
1268,left
393,leather
392,least
786,learn
785,leak
1267,leaf
1265,latest
391,later
1262,laptop
1261,lap
1260,landlin
783,l7c
1259,krussel
150,know
1258,knock
1257,kitchen
782,kit
1256,kindl
780,keypad
779,keyboard
778,key
389,kept
149,keep
777,jx10
43,just
147,job
774,jiggl
387,jawbon
773,jack
772,jabra350
120,jabra
31,ive
1254,itmi
55,item
771,isnt
770,iriv
769,irda
386,ipod
385,iphon
768,invest
766,internetto
384,internet
1252,interfac
764,intend
763,integr
194,instruct
762,instead
1250,instanc
383,instal
761,insid
760,insert
758,infra
757,inform
1249,industri
1248,indoor
1247,increas
751,incom
750,includ
1246,inch
193,import
1243,immedi
749,imagin
1242,imag
748,imac
380,igo
745,idea
744,iam
742,hybrid
741,hundr
740,human
738,hs850
737,howeverth
118,howev
736,hous
735,hoursth
249,hour
379,hope
733,hook
732,home
1239,holster
731,holder
117,hold
1238,hitch
730,hing
1236,hey
145,help
70,hear
192,headphon
728,headband
1234,havent
1233,haul
727,hat
377,happen
726,handset
725,handheld
191,hand
724,hair
723,h500
1232,gx2
722,guess
721,grtting
1231,grip
720,grey
717,gotten
93,got
1229,gosh
1227,gonna
1226,goesth
715,glu
1225,glove
714,glass
1224,given
246,give
1223,girl
11,get
711,general
709,gave
374,game
190,function
373,front
702,frog
701,frequentyli
700,frequently4
696,fraction
695,fourth
694,four
371,found
244,form
1215,forgot
370,forget
692,forev
1213,follow
689,floor
688,fliptop
1209,flipphon
369,flip
365,flash
1208,fix
1207,five
687,firstperson
686,fire
1206,finish
685,finger
144,find
243,final
684,file
364,figur
363,felt
362,feet
114,feel
1205,fee
143,featur
682,father
81,far
360,famili
680,factor
679,fact
1203,facepl
357,face
678,eye
677,extern
676,exterior
1201,extend
675,explain
355,experienc
354,experi
674,exist
1200,exercis
1198,exclaim
351,exchang
1196,everywher
80,everyth
241,everyon
671,everyday
187,everi
37,ever
670,eventu
65,even
1195,europ
349,etc
240,especi
1194,ericsson
669,ericson
1192,era
1191,equip
1190,env
668,entir
666,enter
665,engin
92,end
1187,embed
347,embarrass
664,elsewher
1185,eleg
662,electron
186,either
661,effort
346,effect
1184,edg
1183,eas
660,earset
343,earpiec
342,earphon
659,earpad
658,earlier
657,eargel
239,earbud
16,ear
655,e715
1180,due
1179,droid
653,drivng
341,drive
184,drain
651,dozen
340,download
1178,doubl
14,dont
339,done
650,dollar
42,doesnt
1177,dock
649,dna
1176,divis
648,dit
1175,dispos
338,display
639,direct
238,differ
91,didnt
638,dial
63,devic
1170,develop
637,detail
636,detach
634,destin
141,design
633,descript
632,describ
631,deliveri
112,definit
629,deffinit
237,decis
235,deal
62,day
626,date
182,data
1167,darn
625,d807wrong
624,d807
623,cutout
620,curv
335,current
333,coverag
612,cours
611,coupon
181,coupl
1162,counter
61,couldnt
609,cord
1160,copier
234,convers
605,contstruct
1159,control
1158,contract
604,continu
111,contact
603,consum
180,construct
110,connect
600,comput
233,complet
599,competitor
109,compani
1150,commut
232,communic
596,commerci
595,comment
108,come
594,combin
140,color
593,colleagu
1149,clock
107,clip
592,click
590,cingularatt
1146,cingulair
589,christma
231,choic
588,chines
587,china
1145,check
30,charger
583,chargelif
1144,channel
582,chang
229,certain
1143,center
1142,cellular
327,cellphon
580,cds
579,cbr
578,catch
576,cassett
15,case
575,carrier
574,card
1141,capac
179,cant
573,cancel
572,canal
60,camera
1139,calendar
323,cabl
1138,ca42
1137,buyerb
77,button
568,bumper
566,built
565,build
1135,buck
1134,bubbl
1133,bt50
564,bt250v
563,browser
561,brokeni
322,brand
557,boy
556,bougth
41,bought
1132,bottowm
1130,bose
555,boot
554,boost
320,book
1129,bmw
553,bluetoothmotorola
33,bluetooth
552,bluetoooth
551,blueant
550,blew
549,bland
1128,blacktop
548,blackberri
106,black
547,bitpim
546,bill
545,biggest
543,beth
1127,bend
228,belt
542,bell
1126,believ
541,behe
540,beep
539,beat
1124,be3
10,batteri
538,basement
138,bar
1122,backlight
316,background
534,away
226,avoid
1120,autoansw
137,audio
529,attack
528,atleast
527,assum
526,aspect
312,ask
1118,asia
175,arriv
225,around
525,armband
1117,argu
224,area
524,appoint
1116,applifi
223,appear
1115,appar
522,apart
1114,anywher
521,anyway
222,anyth
174,anyon
520,antiglar
519,antena
518,answer
311,anoth
517,angl
1112,angel
515,amp
86,amazon
309,alway
514,aluminum
513,although
44,also
512,alot
511,along
510,alon
221,almost
509,allow
1111,allot
1110,alarm
220,ago
508,aggrav
308,advis
507,advertis
506,adhes
505,address
219,addit
218,actual
501,activ
1109,accord
500,accompani
499,accessoryon
498,accessori
305,access
497,absolutel
217,absolut
495,abound
489,700w
487,5year
1107,5of
482,2mp
492,8530
491,8525
1108,8125
486,5320
485,5020
481,2160
480,2005
479,2000
490,744
488,680
1106,375
484,350
483,325
478,100
