"","x"
"1","a"
"2","about"
"3","above"
"4","after"
"5","again"
"6","against"
"7","all"
"8","am"
"9","an"
"10","and"
"11","any"
"12","are"
"13","as"
"14","at"
"15","be"
"16","because"
"17","been"
"18","before"
"19","being"
"20","below"
"21","between"
"22","both"
"23","but"
"24","by"
"25","cannot"
"26","could"
"27","did"
"28","do"
"29","does"
"30","doing"
"31","down"
"32","during"
"33","each"
"34","few"
"35","for"
"36","from"
"37","further"
"38","had"
"39","has"
"40","have"
"41","having"
"42","he"
"43","her"
"44","here"
"45","hers"
"46","herself"
"47","him"
"48","himself"
"49","his"
"50","how"
"51","i"
"52","if"
"53","in"
"54","into"
"55","is"
"56","it"
"57","its"
"58","itself"
"59","me"
"60","more"
"61","most"
"62","my"
"63","myself"
"64","no"
"65","nor"
"66","not"
"67","of"
"68","off"
"69","on"
"70","once"
"71","only"
"72","or"
"73","other"
"74","ought"
"75","our"
"76","ours"
"77","ourselves"
"78","out"
"79","over"
"80","own"
"81","same"
"82","she"
"83","should"
"84","so"
"85","some"
"86","such"
"87","than"
"88","that"
"89","the"
"90","their"
"91","theirs"
"92","them"
"93","themselves"
"94","then"
"95","there"
"96","these"
"97","they"
"98","this"
"99","those"
"100","through"
"101","to"
"102","too"
"103","under"
"104","until"
"105","up"
"106","very"
"107","was"
"108","we"
"109","were"
"110","what"
"111","when"
"112","where"
"113","which"
"114","while"
"115","who"
"116","whom"
"117","why"
"118","with"
"119","would"
"120","you"
"121","your"
"122","yours"
"123","yourself"
"124","yourselves"
