1,again and again
2,any effort
3,any efforts
4,any problem
5,any problems
6,any trouble
7,any troubles
8,buy it
9,buyit
10,cheaper
11,couldn’t ask for more
12,couldn’t have been 
13,couldnt ask for more
14,couldnt have been
15,do everything
16,does everything
17,doesn’t have to
18,doesnt have to
19,don’t even realize
20,don’t have to
21,dont even realize
22,dont have to
23,eye catching
24,eye-cathing
25,eyecatching
26,going to order
27,gonna order
28,got it
29,hard to find
30,has everything
31,have everything
32,helpful
33,is a 10
34,is a ten
35,it’s a 10
36,it’s a ten
37,know what they are doing
38,know what they’re doing
39,knows what he is doing
40,knows what he’s doing
41,knows what she is doing
42,knows what she’s doing
43,less expensive
44,light weight
45,light-weight
46,lightweight
47,long time
48,must have
49,no effort
50,no efforts
51,no problem
52,no problems
53,no trouble
54,no troubles
55,on all sides
56,peachy keen
57,peachy-keen
58,peachykeen
59,ready to order
60,so small
61,thumbs up
62,total package
63,total packages
64,used to it
65,will order 
66,wind resistant
67,wind-resistant
68,windresistant
69,without a scratch
70,without effort
71,without efforts
72,without problem
73,without problems
74,without trouble
75,without troubles
76,won’t regret it
77,wont regret it
78,worth every penny
