1,phone
3,work
5,use
6,headset
7,qualiti
8,product
9,sound
10,batteri
11,get
13,one
14,dont
15,case
16,ear
17,price
19,time
21,realli
23,look
24,make
26,buy
27,call
28,servic
29,car
30,charger
31,ive
33,bluetooth
35,charg
37,ever
39,money
41,bought
42,doesnt
43,just
44,also
47,last
48,new
49,now
51,recept
52,wast
54,first
55,item
56,plug
57,purchas
58,will
59,year
60,camera
61,couldnt
62,day
63,devic
65,even
67,still
70,hear
71,much
72,piec
73,screen
75,thing
77,button
78,cell
80,everyth
81,far
82,made
83,talk
84,two
85,wear
86,amazon
90,custom
91,didnt
92,end
93,got
94,light
95,long
96,motorola
97,never
98,pictur
101,receiv
103,tri
104,unit
105,week
106,black
107,clip
108,come
109,compani
110,connect
111,contact
112,definit
114,feel
117,hold
118,howev
120,jabra
121,life
122,lot
123,low
124,month
125,need
127,place
128,quit
129,right
130,say
132,ship
133,take
135,voic
136,volum
137,audio
138,bar
140,color
141,design
143,featur
144,find
145,help
147,job
149,keep
150,know
151,origin
152,peopl
153,perform
154,plan
155,plastic
156,pleas
158,razr
159,real
160,reason
161,replac
162,return
163,side
164,size
165,softwar
166,start
168,sure
169,think
170,three
172,way
173,wife
174,anyon
175,arriv
176,big
178,came
179,cant
180,construct
181,coupl
182,data
184,drain
186,either
187,everi
189,extra
190,function
191,hand
192,headphon
193,import
194,instruct
195,less
197,minut
200,put
201,ring
202,rington
203,said
205,seem
206,signal
208,sinc
210,support
211,turn
212,valu
213,want
214,went
215,within
216,without
217,absolut
218,actual
219,addit
220,ago
221,almost
222,anyth
223,appear
224,area
225,around
226,avoid
228,belt
229,certain
231,choic
232,communic
233,complet
234,convers
235,deal
237,decis
238,differ
239,earbud
240,especi
241,everyon
243,final
244,form
246,give
249,hour
251,let
252,line
253,littl
254,lock
255,longer
256,mani
258,mic
259,must
260,near
262,none
263,noth
264,obvious
265,old
266,order
267,outlet
268,overal
269,pair
270,palm
271,part
272,player
273,pocket
275,probabl
276,provid
277,rather
278,result
279,review
280,run
282,seller
283,send
284,setup
285,speaker
287,store
290,there
292,tool
293,treo
294,understand
297,video
298,wire
299,wireless
300,wont
301,worth
303,abil
305,access
308,advis
309,alway
311,anoth
312,ask
313,att
315,back
316,background
318,bit
319,blue
320,book
322,brand
323,cabl
325,carri
327,cellphon
329,cingular
331,complaint
332,cover
333,coverag
335,current
338,display
339,done
340,download
341,drive
342,earphon
343,earpiec
346,effect
347,embarrass
349,etc
351,exchang
352,excit
354,experi
355,experienc
356,extrem
357,face
360,famili
362,feet
363,felt
364,figur
365,flash
369,flip
370,forget
371,found
372,friend
373,front
374,game
377,happen
379,hope
380,igo
383,instal
384,internet
385,iphon
386,ipod
387,jawbon
389,kept
391,later
392,least
393,leather
394,lightweight
395,link
396,logitech
401,messag
402,might
403,moto
404,neither
405,note
407,number
408,numer
409,offer
410,option
411,own
412,packag
413,pad
414,parti
415,pay
416,play
417,power
418,previous
419,procedur
422,push
423,rang
424,rate
425,recharg
427,red
428,refund
429,rest
430,rip
431,rock
432,save
433,scratch
434,set
435,sharp
436,show
437,simpli
438,smoke
439,sometim
440,soni
441,sourc
442,sprint
444,stay
445,storag
446,style
447,sunglass
448,tech
449,technolog
450,tell
451,that
452,third
453,though
454,thought
456,tip
457,tmobil
458,told
459,total
460,touch
461,unus
462,usb
463,user
464,usual
465,wall
466,warranti
467,wasnt
469,websit
470,whatsoev
471,white
475,wouldnt
476,wrong
477,yet
478,100
479,2000
480,2005
481,2160
482,2mp
483,325
484,350
485,5020
486,5320
487,5year
488,680
489,700w
490,744
491,8525
492,8530
494,abl
495,abound
497,absolutel
498,accessori
499,accessoryon
500,accompani
501,activ
504,add
505,address
506,adhes
507,advertis
508,aggrav
509,allow
510,alon
511,along
512,alot
513,although
514,aluminum
515,amp
517,angl
518,answer
519,antena
520,antiglar
521,anyway
522,apart
524,appoint
525,armband
526,aspect
527,assum
528,atleast
529,attack
534,away
538,basement
539,beat
540,beep
541,behe
542,bell
543,beth
545,biggest
546,bill
547,bitpim
548,blackberri
549,bland
550,blew
551,blueant
552,bluetoooth
553,bluetoothmotorola
554,boost
555,boot
556,bougth
557,boy
561,brokeni
562,brows
563,browser
564,bt250v
565,build
566,built
568,bumper
569,buyer
572,canal
573,cancel
574,card
575,carrier
576,cassett
577,cat
578,catch
579,cbr
580,cds
581,cent
582,chang
583,chargelif
587,china
588,chines
589,christma
590,cingularatt
592,click
593,colleagu
594,combin
595,comment
596,commerci
599,competitor
600,comput
603,consum
604,continu
605,contstruct
608,copi
609,cord
611,coupon
612,cours
613,crack
620,curv
621,cut
623,cutout
624,d807
625,d807wrong
626,date
629,deffinit
631,deliveri
632,describ
633,descript
634,destin
636,detach
637,detail
638,dial
639,direct
648,dit
649,dna
650,dollar
651,dozen
653,drivng
655,e715
657,eargel
658,earlier
659,earpad
660,earset
661,effort
662,electron
663,els
664,elsewher
665,engin
666,enter
668,entir
669,ericson
670,eventu
671,everyday
674,exist
675,explain
676,exterior
677,extern
678,eye
679,fact
680,factor
682,father
684,file
685,finger
686,fire
687,firstperson
688,fliptop
689,floor
692,forev
694,four
695,fourth
696,fraction
700,frequently4
701,frequentyli
702,frog
703,full
709,gave
710,gel
711,general
714,glass
715,glu
717,gotten
720,grey
721,grtting
722,guess
723,h500
724,hair
725,handheld
726,handset
727,hat
728,headband
730,hing
731,holder
732,home
733,hook
735,hoursth
736,hous
737,howeverth
738,hs850
740,human
741,hundr
742,hybrid
744,iam
745,idea
748,imac
749,imagin
750,includ
751,incom
757,inform
758,infra
760,insert
761,insid
762,instead
763,integr
764,intend
766,internetto
768,invest
769,irda
770,iriv
771,isnt
772,jabra350
773,jack
774,jiggl
777,jx10
778,key
779,keyboard
780,keypad
782,kit
783,l7c
785,leak
786,learn
787,leopard
788,lesson
789,listen
790,lit
791,liter
792,load
793,loop
797,loudspeak
801,magnet
802,major
803,managementoh
804,manual
805,manufactur
806,mark
807,market
808,max
809,may
811,mechan
812,media
814,mega
815,memori
816,menus
818,metro
819,microphon
820,microsoft
821,min
822,mine
823,minutesmajor
826,mobil
827,mode
828,model
830,most
831,mother
832,move
833,mp3
834,mp3s
837,multipl
838,mute
839,navig
843,network
844,next
847,occupi
849,oem
850,offici
851,onethi
852,onid
853,onlin
854,onlyi
855,open
858,other
859,outgo
861,outsid
862,overnit
864,owneryou
867,particular
868,pass
870,paus
871,pcs
872,pda
875,perhap
876,phonebatteri
877,phonemi
878,phones2
879,phonesmp3
880,phoneth
881,pic
883,pixel
884,plantron
885,plantroninc
886,pleather
887,port
889,portrait
890,posses
891,post
892,prefer
895,print
897,produc
898,program
901,psych
903,pull
904,purcash
905,purpos
907,random
908,razor
909,reach
910,read
912,realiz
913,rebootsoveral
915,receipt
916,receptiona
917,recess
918,reciev
919,recogn
921,regard
924,reoccurebottom
925,reset
926,resolut
927,respect
928,restor
929,ride
930,riington
932,rocket
933,role
934,room
935,rotat
936,s11
937,s710a
940,schr450
942,second
944,seeen
945,self
947,sensor
948,sent
949,seper
950,seri
952,share
953,shield
955,shipment
956,shooter
957,short
958,shot
959,shouldnt
960,shouldv
961,shout
962,sight
963,sign
964,signific
967,sit
968,situations1
970,skip
971,skype
973,slid
974,slider
982,sold
983,someon
984,somewher
985,song
986,sooner
988,sos
989,soyo
990,speakerphon
992,spinn
993,spring
995,starter
996,state
997,stereo
998,stop
1000,strap
1002,strip
1005,stuff
1007,sudden
1012,switch
1013,synchron
1014,telephon
1015,texa
1016,text
1017,thereplac
1020,thru
1021,tie
1022,timefram
1024,toactiv
1025,today
1026,togeth
1027,tone
1028,toneoveral
1029,tooth
1031,tracfon
1032,tracfonewebsit
1033,track
1034,transceiv
1035,transfer
1036,transmitt
1041,truli
1043,tryth
1044,tungsten
1045,type
1052,unknown
1053,unless
1056,upandcom
1058,updat
1059,upload
1060,upstair
1061,usag
1062,utter
1063,v265
1064,v325i
1065,v3c
1066,v3i
1067,vehicl
1068,via
1069,virgin
1070,visor
1071,wait
1072,walk
1073,walkman
1074,wallet
1077,web
1078,weight
1082,whatev
1083,whether
1084,whistl
1085,whose
1087,wind
1088,window
1091,wipe
1092,wirefli
1094,wish
1096,wooden
1097,word
1100,wrongfirst
1102,yell
1103,youd
1104,z500a
1106,375
1107,5of
1108,8125
1109,accord
1110,alarm
1111,allot
1112,angel
1113,ant
1114,anywher
1115,appar
1116,applifi
1117,argu
1118,asia
1119,auto
1120,autoansw
1122,backlight
1124,be3
1125,bed
1126,believ
1127,bend
1128,blacktop
1129,bmw
1130,bose
1132,bottowm
1133,bt50
1134,bubbl
1135,buck
1136,bud
1137,buyerb
1138,ca42
1139,calendar
1141,capac
1142,cellular
1143,center
1144,channel
1145,check
1146,cingulair
1149,clock
1150,commut
1151,compet
1152,complain
1155,concret
1156,condit
1158,contract
1159,control
1160,copier
1162,counter
1164,crackedi
1167,darn
1170,develop
1175,dispos
1176,divis
1177,dock
1178,doubl
1179,droid
1180,due
1183,eas
1184,edg
1185,eleg
1187,embed
1190,env
1191,equip
1192,era
1194,ericsson
1195,europ
1196,everywher
1197,exact
1198,exclaim
1200,exercis
1201,extend
1203,facepl
1205,fee
1206,finish
1207,five
1208,fix
1209,flipphon
1213,follow
1215,forgot
1216,fri
1219,fulli
1223,girl
1224,given
1225,glove
1226,goesth
1227,gonna
1229,gosh
1231,grip
1232,gx2
1233,haul
1234,havent
1236,hey
1238,hitch
1239,holster
1242,imag
1243,immedi
1246,inch
1247,increas
1248,indoor
1249,industri
1250,instanc
1252,interfac
1254,itmi
1256,kindl
1257,kitchen
1258,knock
1259,krussel
1260,landlin
1261,lap
1262,laptop
1265,latest
1267,leaf
1268,left
1269,lens
1270,lineanoth
1271,linksi
1272,live
1273,longwear
1274,los
1275,machin
1276,mail
1277,main
1278,manag
1279,match
1280,materi
1281,megapixel
1282,mention
1283,metal
1284,meth
1285,mind
1286,miniusb
1288,morn
1289,motor
1290,music
1291,nano
1295,night
1296,nothingi
1297,nyc
1298,ooz
1299,organiz
1300,otherwis
1301,over
1302,overnight
1303,pant
1304,peel
1305,pen
1306,period
1307,person
1308,photo
1312,point
1313,possibl
1314,potenti
1316,prevent
1319,ps3
1320,qwerti
1321,rare
1322,realworld
1324,recent
1325,receptionsound
1326,refurb
1327,relat
1329,remov
1330,render
1332,replacementr
1333,requir
1334,research
1335,restart
1336,restock
1337,revers
1338,ringer
1339,roam
1340,row
1341,rubberpetroleum
1343,sanyo
1345,screenthi
1346,search
1347,seat
1348,see
1349,seen
1351,shape
1352,shift
1355,sister
1356,slide
1358,slip
1360,smartphon
1361,smell
1364,somehow
1365,someth
1366,somewhat
1367,son
1368,soon
1370,span
1371,spec
1372,special
1373,stand
1374,standard
1375,startac
1376,station
1377,steep
1378,steer
1379,stream
1380,stress
1381,studi
1385,suppos
1387,surefir
1388,surviv
1389,swivel
1390,sync
1391,tape
1392,theori
1393,theyr
1394,threepack
1395,threw
1396,thumb
1397,tight
1398,toast
1399,toilet
1400,took
1401,transform
1402,transmiss
1403,transmit
1404,travl
1405,trunk
1409,v115g
1410,voltag
1411,vx9900
1412,w810i
1413,waaay
1414,wake
1416,whine
1417,whoa
1418,whole
1419,wifi
1420,wit
1421,wood
1422,yes
1423,youll
